path,no_layer
/content/dataset2/cloudy1.jpg,Cloudy
/content/dataset2/cloudy2.jpg,Cloudy
/content/dataset2/cloudy3.jpg,Cloudy
/content/dataset2/cloudy4.jpg,Cloudy
/content/dataset2/cloudy5.jpg,Cloudy
/content/dataset2/cloudy6.jpg,Cloudy
/content/dataset2/cloudy7.jpg,Cloudy
/content/dataset2/cloudy8.jpg,Cloudy
/content/dataset2/cloudy9.jpg,Cloudy
/content/dataset2/cloudy10.jpg,Cloudy
/content/dataset2/cloudy11.jpg,Cloudy
/content/dataset2/cloudy12.jpg,Cloudy
/content/dataset2/cloudy13.jpg,Cloudy
/content/dataset2/cloudy14.jpg,Cloudy
/content/dataset2/cloudy15.jpg,Cloudy
/content/dataset2/cloudy16.jpg,Cloudy
/content/dataset2/cloudy17.jpg,Cloudy
/content/dataset2/cloudy18.jpg,Cloudy
/content/dataset2/cloudy19.jpg,Cloudy
/content/dataset2/cloudy20.jpg,Cloudy
/content/dataset2/cloudy21.jpg,Cloudy
/content/dataset2/cloudy22.jpg,Cloudy
/content/dataset2/cloudy23.jpg,Cloudy
/content/dataset2/cloudy24.jpg,Cloudy
/content/dataset2/cloudy25.jpg,Cloudy
/content/dataset2/cloudy26.jpg,Cloudy
/content/dataset2/cloudy27.jpg,Cloudy
/content/dataset2/cloudy28.jpg,Cloudy
/content/dataset2/cloudy29.jpg,Cloudy
/content/dataset2/cloudy30.jpg,Cloudy
/content/dataset2/cloudy31.jpg,Cloudy
/content/dataset2/cloudy32.jpg,Cloudy
/content/dataset2/cloudy33.jpg,Cloudy
/content/dataset2/cloudy34.jpg,Cloudy
/content/dataset2/cloudy35.jpg,Cloudy
/content/dataset2/cloudy36.jpg,Cloudy
/content/dataset2/cloudy37.jpg,Cloudy
/content/dataset2/cloudy38.jpg,Cloudy
/content/dataset2/cloudy39.jpg,Cloudy
/content/dataset2/cloudy40.jpg,Cloudy
/content/dataset2/cloudy41.jpg,Cloudy
/content/dataset2/cloudy42.jpg,Cloudy
/content/dataset2/cloudy43.jpg,Cloudy
/content/dataset2/cloudy44.jpg,Cloudy
/content/dataset2/cloudy45.jpg,Cloudy
/content/dataset2/cloudy46.jpg,Cloudy
/content/dataset2/cloudy47.jpg,Cloudy
/content/dataset2/cloudy48.jpg,Cloudy
/content/dataset2/cloudy49.jpg,Cloudy
/content/dataset2/cloudy50.jpg,Cloudy
/content/dataset2/cloudy51.jpg,Cloudy
/content/dataset2/cloudy52.jpg,Cloudy
/content/dataset2/cloudy53.jpg,Cloudy
/content/dataset2/cloudy54.jpg,Cloudy
/content/dataset2/cloudy55.jpg,Cloudy
/content/dataset2/cloudy56.jpg,Cloudy
/content/dataset2/cloudy57.jpg,Cloudy
/content/dataset2/cloudy58.jpg,Cloudy
/content/dataset2/cloudy59.jpg,Cloudy
/content/dataset2/cloudy60.jpg,Cloudy
/content/dataset2/cloudy61.jpg,Cloudy
/content/dataset2/cloudy62.jpg,Cloudy
/content/dataset2/cloudy63.jpg,Cloudy
/content/dataset2/cloudy64.jpg,Cloudy
/content/dataset2/cloudy65.jpg,Cloudy
/content/dataset2/cloudy66.jpg,Cloudy
/content/dataset2/cloudy67.jpg,Cloudy
/content/dataset2/cloudy68.jpg,Cloudy
/content/dataset2/cloudy69.jpg,Cloudy
/content/dataset2/cloudy70.jpg,Cloudy
/content/dataset2/cloudy71.jpg,Cloudy
/content/dataset2/cloudy72.jpg,Cloudy
/content/dataset2/cloudy73.jpg,Cloudy
/content/dataset2/cloudy74.jpg,Cloudy
/content/dataset2/cloudy75.jpg,Cloudy
/content/dataset2/cloudy76.jpg,Cloudy
/content/dataset2/cloudy77.jpg,Cloudy
/content/dataset2/cloudy78.jpg,Cloudy
/content/dataset2/cloudy79.jpg,Cloudy
/content/dataset2/cloudy80.jpg,Cloudy
/content/dataset2/cloudy81.jpg,Cloudy
/content/dataset2/cloudy82.jpg,Cloudy
/content/dataset2/cloudy83.jpg,Cloudy
/content/dataset2/cloudy84.jpg,Cloudy
/content/dataset2/cloudy85.jpg,Cloudy
/content/dataset2/cloudy86.jpg,Cloudy
/content/dataset2/cloudy87.jpg,Cloudy
/content/dataset2/cloudy88.jpg,Cloudy
/content/dataset2/cloudy89.jpg,Cloudy
/content/dataset2/cloudy90.jpg,Cloudy
/content/dataset2/cloudy91.jpg,Cloudy
/content/dataset2/cloudy92.jpg,Cloudy
/content/dataset2/cloudy93.jpg,Cloudy
/content/dataset2/cloudy94.jpg,Cloudy
/content/dataset2/cloudy95.jpg,Cloudy
/content/dataset2/cloudy96.jpg,Cloudy
/content/dataset2/cloudy97.jpg,Cloudy
/content/dataset2/cloudy98.jpg,Cloudy
/content/dataset2/cloudy99.jpg,Cloudy
/content/dataset2/cloudy100.jpg,Cloudy
/content/dataset2/cloudy101.jpg,Cloudy
/content/dataset2/cloudy102.jpg,Cloudy
/content/dataset2/cloudy103.jpg,Cloudy
/content/dataset2/cloudy104.jpg,Cloudy
/content/dataset2/cloudy105.jpg,Cloudy
/content/dataset2/cloudy106.jpg,Cloudy
/content/dataset2/cloudy107.jpg,Cloudy
/content/dataset2/cloudy108.jpg,Cloudy
/content/dataset2/cloudy109.jpg,Cloudy
/content/dataset2/cloudy110.jpg,Cloudy
/content/dataset2/cloudy111.jpg,Cloudy
/content/dataset2/cloudy112.jpg,Cloudy
/content/dataset2/cloudy113.jpg,Cloudy
/content/dataset2/cloudy114.jpg,Cloudy
/content/dataset2/cloudy115.jpg,Cloudy
/content/dataset2/cloudy116.jpg,Cloudy
/content/dataset2/cloudy117.jpg,Cloudy
/content/dataset2/cloudy118.jpg,Cloudy
/content/dataset2/cloudy119.jpg,Cloudy
/content/dataset2/cloudy120.jpg,Cloudy
/content/dataset2/cloudy121.jpg,Cloudy
/content/dataset2/cloudy122.jpg,Cloudy
/content/dataset2/cloudy123.jpg,Cloudy
/content/dataset2/cloudy124.jpg,Cloudy
/content/dataset2/cloudy125.jpg,Cloudy
/content/dataset2/cloudy126.jpg,Cloudy
/content/dataset2/cloudy127.jpg,Cloudy
/content/dataset2/cloudy128.jpg,Cloudy
/content/dataset2/cloudy129.jpg,Cloudy
/content/dataset2/cloudy130.jpg,Cloudy
/content/dataset2/cloudy131.jpg,Cloudy
/content/dataset2/cloudy132.jpg,Cloudy
/content/dataset2/cloudy133.jpg,Cloudy
/content/dataset2/cloudy134.jpg,Cloudy
/content/dataset2/cloudy135.jpg,Cloudy
/content/dataset2/cloudy136.jpg,Cloudy
/content/dataset2/cloudy137.jpg,Cloudy
/content/dataset2/cloudy138.jpg,Cloudy
/content/dataset2/cloudy139.jpg,Cloudy
/content/dataset2/cloudy140.jpg,Cloudy
/content/dataset2/cloudy141.jpg,Cloudy
/content/dataset2/cloudy142.jpg,Cloudy
/content/dataset2/cloudy143.jpg,Cloudy
/content/dataset2/cloudy144.jpg,Cloudy
/content/dataset2/cloudy145.jpg,Cloudy
/content/dataset2/cloudy146.jpg,Cloudy
/content/dataset2/cloudy147.jpg,Cloudy
/content/dataset2/cloudy148.jpg,Cloudy
/content/dataset2/cloudy149.jpg,Cloudy
/content/dataset2/cloudy150.jpg,Cloudy
/content/dataset2/cloudy151.jpg,Cloudy
/content/dataset2/cloudy152.jpg,Cloudy
/content/dataset2/cloudy153.jpg,Cloudy
/content/dataset2/cloudy154.jpg,Cloudy
/content/dataset2/cloudy155.jpg,Cloudy
/content/dataset2/cloudy156.jpg,Cloudy
/content/dataset2/cloudy157.jpg,Cloudy
/content/dataset2/cloudy158.jpg,Cloudy
/content/dataset2/cloudy159.jpg,Cloudy
/content/dataset2/cloudy160.jpg,Cloudy
/content/dataset2/cloudy161.jpg,Cloudy
/content/dataset2/cloudy162.jpg,Cloudy
/content/dataset2/cloudy163.jpg,Cloudy
/content/dataset2/cloudy164.jpg,Cloudy
/content/dataset2/cloudy165.jpg,Cloudy
/content/dataset2/cloudy166.jpg,Cloudy
/content/dataset2/cloudy167.jpg,Cloudy
/content/dataset2/cloudy168.jpg,Cloudy
/content/dataset2/cloudy169.jpg,Cloudy
/content/dataset2/cloudy170.jpg,Cloudy
/content/dataset2/cloudy171.jpg,Cloudy
/content/dataset2/cloudy172.jpg,Cloudy
/content/dataset2/cloudy173.jpg,Cloudy
/content/dataset2/cloudy174.jpg,Cloudy
/content/dataset2/cloudy175.jpg,Cloudy
/content/dataset2/cloudy176.jpg,Cloudy
/content/dataset2/cloudy177.jpg,Cloudy
/content/dataset2/cloudy178.jpg,Cloudy
/content/dataset2/cloudy179.jpg,Cloudy
/content/dataset2/cloudy180.jpg,Cloudy
/content/dataset2/cloudy181.jpg,Cloudy
/content/dataset2/cloudy182.jpg,Cloudy
/content/dataset2/cloudy183.jpg,Cloudy
/content/dataset2/cloudy184.jpg,Cloudy
/content/dataset2/cloudy185.jpg,Cloudy
/content/dataset2/cloudy186.jpg,Cloudy
/content/dataset2/cloudy187.jpg,Cloudy
/content/dataset2/cloudy188.jpg,Cloudy
/content/dataset2/cloudy189.jpg,Cloudy
/content/dataset2/cloudy190.jpg,Cloudy
/content/dataset2/cloudy191.jpg,Cloudy
/content/dataset2/cloudy192.jpg,Cloudy
/content/dataset2/cloudy193.jpg,Cloudy
/content/dataset2/cloudy194.jpg,Cloudy
/content/dataset2/cloudy195.jpg,Cloudy
/content/dataset2/cloudy196.jpg,Cloudy
/content/dataset2/cloudy197.jpg,Cloudy
/content/dataset2/cloudy198.jpg,Cloudy
/content/dataset2/cloudy199.jpg,Cloudy
/content/dataset2/cloudy200.jpg,Cloudy
/content/dataset2/cloudy201.jpg,Cloudy
/content/dataset2/cloudy202.jpg,Cloudy
/content/dataset2/cloudy203.jpg,Cloudy
/content/dataset2/cloudy204.jpg,Cloudy
/content/dataset2/cloudy205.jpg,Cloudy
/content/dataset2/cloudy206.jpg,Cloudy
/content/dataset2/cloudy207.jpg,Cloudy
/content/dataset2/cloudy208.jpg,Cloudy
/content/dataset2/cloudy209.jpg,Cloudy
/content/dataset2/cloudy210.jpg,Cloudy
/content/dataset2/cloudy211.jpg,Cloudy
/content/dataset2/cloudy212.jpg,Cloudy
/content/dataset2/cloudy213.jpg,Cloudy
/content/dataset2/cloudy214.jpg,Cloudy
/content/dataset2/cloudy215.jpg,Cloudy
/content/dataset2/cloudy216.jpg,Cloudy
/content/dataset2/cloudy217.jpg,Cloudy
/content/dataset2/cloudy218.jpg,Cloudy
/content/dataset2/cloudy219.jpg,Cloudy
/content/dataset2/cloudy220.jpg,Cloudy
/content/dataset2/cloudy221.jpg,Cloudy
/content/dataset2/cloudy222.jpg,Cloudy
/content/dataset2/cloudy223.jpg,Cloudy
/content/dataset2/cloudy224.jpg,Cloudy
/content/dataset2/cloudy225.jpg,Cloudy
/content/dataset2/cloudy226.jpg,Cloudy
/content/dataset2/cloudy227.jpg,Cloudy
/content/dataset2/cloudy228.jpg,Cloudy
/content/dataset2/cloudy229.jpg,Cloudy
/content/dataset2/cloudy230.jpg,Cloudy
/content/dataset2/cloudy231.jpg,Cloudy
/content/dataset2/cloudy232.jpg,Cloudy
/content/dataset2/cloudy233.jpg,Cloudy
/content/dataset2/cloudy234.jpg,Cloudy
/content/dataset2/cloudy235.jpg,Cloudy
/content/dataset2/cloudy236.jpg,Cloudy
/content/dataset2/cloudy237.jpg,Cloudy
/content/dataset2/cloudy238.jpg,Cloudy
/content/dataset2/cloudy239.jpg,Cloudy
/content/dataset2/cloudy240.jpg,Cloudy
/content/dataset2/cloudy241.jpg,Cloudy
/content/dataset2/cloudy242.jpg,Cloudy
/content/dataset2/cloudy243.jpg,Cloudy
/content/dataset2/cloudy244.jpg,Cloudy
/content/dataset2/cloudy245.jpg,Cloudy
/content/dataset2/cloudy246.jpg,Cloudy
/content/dataset2/cloudy247.jpg,Cloudy
/content/dataset2/cloudy248.jpg,Cloudy
/content/dataset2/cloudy249.jpg,Cloudy
/content/dataset2/cloudy250.jpg,Cloudy
/content/dataset2/cloudy251.jpg,Cloudy
/content/dataset2/cloudy252.jpg,Cloudy
/content/dataset2/cloudy253.jpg,Cloudy
/content/dataset2/cloudy254.jpg,Cloudy
/content/dataset2/cloudy255.jpg,Cloudy
/content/dataset2/cloudy256.jpg,Cloudy
/content/dataset2/cloudy257.jpg,Cloudy
/content/dataset2/cloudy258.jpg,Cloudy
/content/dataset2/cloudy259.jpg,Cloudy
/content/dataset2/cloudy260.jpg,Cloudy
/content/dataset2/cloudy261.jpg,Cloudy
/content/dataset2/cloudy262.jpg,Cloudy
/content/dataset2/cloudy263.jpg,Cloudy
/content/dataset2/cloudy264.jpg,Cloudy
/content/dataset2/cloudy265.jpg,Cloudy
/content/dataset2/cloudy266.jpg,Cloudy
/content/dataset2/cloudy267.jpg,Cloudy
/content/dataset2/cloudy268.jpg,Cloudy
/content/dataset2/cloudy269.jpg,Cloudy
/content/dataset2/cloudy270.jpg,Cloudy
/content/dataset2/cloudy271.jpg,Cloudy
/content/dataset2/cloudy272.jpg,Cloudy
/content/dataset2/cloudy273.jpg,Cloudy
/content/dataset2/cloudy274.jpg,Cloudy
/content/dataset2/cloudy275.jpg,Cloudy
/content/dataset2/cloudy276.jpg,Cloudy
/content/dataset2/cloudy277.jpg,Cloudy
/content/dataset2/cloudy278.jpg,Cloudy
/content/dataset2/cloudy279.jpg,Cloudy
/content/dataset2/cloudy280.jpg,Cloudy
/content/dataset2/cloudy281.jpg,Cloudy
/content/dataset2/cloudy282.jpg,Cloudy
/content/dataset2/cloudy283.jpg,Cloudy
/content/dataset2/cloudy284.jpg,Cloudy
/content/dataset2/cloudy285.jpg,Cloudy
/content/dataset2/cloudy286.jpg,Cloudy
/content/dataset2/cloudy287.jpg,Cloudy
/content/dataset2/cloudy288.jpg,Cloudy
/content/dataset2/cloudy289.jpg,Cloudy
/content/dataset2/cloudy290.jpg,Cloudy
/content/dataset2/cloudy291.jpg,Cloudy
/content/dataset2/cloudy292.jpg,Cloudy
/content/dataset2/cloudy293.jpg,Cloudy
/content/dataset2/cloudy294.jpg,Cloudy
/content/dataset2/cloudy295.jpg,Cloudy
/content/dataset2/cloudy296.jpg,Cloudy
/content/dataset2/cloudy297.jpg,Cloudy
/content/dataset2/cloudy298.jpg,Cloudy
/content/dataset2/cloudy299.jpg,Cloudy
/content/dataset2/cloudy300.jpg,Cloudy
/content/dataset2/rain1.jpg,Rain
/content/dataset2/rain2.jpg,Rain
/content/dataset2/rain3.jpg,Rain
/content/dataset2/rain4.jpg,Rain
/content/dataset2/rain5.jpg,Rain
/content/dataset2/rain6.jpg,Rain
/content/dataset2/rain7.jpg,Rain
/content/dataset2/rain8.jpg,Rain
/content/dataset2/rain9.jpg,Rain
/content/dataset2/rain10.jpg,Rain
/content/dataset2/rain11.jpg,Rain
/content/dataset2/rain12.jpg,Rain
/content/dataset2/rain13.jpg,Rain
/content/dataset2/rain14.jpg,Rain
/content/dataset2/rain15.jpg,Rain
/content/dataset2/rain16.jpg,Rain
/content/dataset2/rain17.jpg,Rain
/content/dataset2/rain18.jpg,Rain
/content/dataset2/rain19.jpg,Rain
/content/dataset2/rain20.jpg,Rain
/content/dataset2/rain21.jpg,Rain
/content/dataset2/rain22.jpeg,Rain
/content/dataset2/rain23.jpg,Rain
/content/dataset2/rain24.jpeg,Rain
/content/dataset2/rain25.jpg,Rain
/content/dataset2/rain26.jpg,Rain
/content/dataset2/rain27.jpg,Rain
/content/dataset2/rain28.jpg,Rain
/content/dataset2/rain29.jpg,Rain
/content/dataset2/rain30.jpg,Rain
/content/dataset2/rain31.jpg,Rain
/content/dataset2/rain32.jpg,Rain
/content/dataset2/rain33.jpg,Rain
/content/dataset2/rain34.jpg,Rain
/content/dataset2/rain35.jpg,Rain
/content/dataset2/rain36.jpg,Rain
/content/dataset2/rain37.jpg,Rain
/content/dataset2/rain38.jpg,Rain
/content/dataset2/rain39.jpg,Rain
/content/dataset2/rain40.jpg,Rain
/content/dataset2/rain41.jpg,Rain
/content/dataset2/rain42.jpg,Rain
/content/dataset2/rain43.jpg,Rain
/content/dataset2/rain44.jpg,Rain
/content/dataset2/rain45.jpg,Rain
/content/dataset2/rain46.jpg,Rain
/content/dataset2/rain47.jpg,Rain
/content/dataset2/rain48.jpg,Rain
/content/dataset2/rain49.jpg,Rain
/content/dataset2/rain50.jpg,Rain
/content/dataset2/rain51.jpg,Rain
/content/dataset2/rain52.jpg,Rain
/content/dataset2/rain53.jpg,Rain
/content/dataset2/rain54.jpg,Rain
/content/dataset2/rain55.jpg,Rain
/content/dataset2/rain56.jpg,Rain
/content/dataset2/rain57.jpg,Rain
/content/dataset2/rain58.jpg,Rain
/content/dataset2/rain59.jpg,Rain
/content/dataset2/rain60.jpg,Rain
/content/dataset2/rain61.jpg,Rain
/content/dataset2/rain62.jpg,Rain
/content/dataset2/rain63.jpg,Rain
/content/dataset2/rain64.jpg,Rain
/content/dataset2/rain65.jpg,Rain
/content/dataset2/rain66.jpg,Rain
/content/dataset2/rain67.jpg,Rain
/content/dataset2/rain68.jpg,Rain
/content/dataset2/rain69.jpg,Rain
/content/dataset2/rain70.jpg,Rain
/content/dataset2/rain71.jpg,Rain
/content/dataset2/rain72.jpg,Rain
/content/dataset2/rain73.jpg,Rain
/content/dataset2/rain74.jpg,Rain
/content/dataset2/rain75.jpg,Rain
/content/dataset2/rain76.jpg,Rain
/content/dataset2/rain77.jpg,Rain
/content/dataset2/rain78.jpg,Rain
/content/dataset2/rain79.jpg,Rain
/content/dataset2/rain80.jpg,Rain
/content/dataset2/rain81.jpg,Rain
/content/dataset2/rain82.jpg,Rain
/content/dataset2/rain83.jpg,Rain
/content/dataset2/rain84.jpg,Rain
/content/dataset2/rain85.jpg,Rain
/content/dataset2/rain86.jpg,Rain
/content/dataset2/rain87.jpg,Rain
/content/dataset2/rain88.jpg,Rain
/content/dataset2/rain89.jpg,Rain
/content/dataset2/rain90.jpg,Rain
/content/dataset2/rain91.jpg,Rain
/content/dataset2/rain92.jpg,Rain
/content/dataset2/rain93.jpg,Rain
/content/dataset2/rain94.jpg,Rain
/content/dataset2/rain95.jpg,Rain
/content/dataset2/rain96.jpg,Rain
/content/dataset2/rain97.jpg,Rain
/content/dataset2/rain98.jpg,Rain
/content/dataset2/rain99.jpg,Rain
/content/dataset2/rain100.jpg,Rain
/content/dataset2/rain101.jpg,Rain
/content/dataset2/rain102.jpg,Rain
/content/dataset2/rain103.jpg,Rain
/content/dataset2/rain104.jpg,Rain
/content/dataset2/rain105.jpg,Rain
/content/dataset2/rain106.jpg,Rain
/content/dataset2/rain107.jpg,Rain
/content/dataset2/rain108.jpg,Rain
/content/dataset2/rain109.jpg,Rain
/content/dataset2/rain110.jpg,Rain
/content/dataset2/rain111.jpg,Rain
/content/dataset2/rain112.jpg,Rain
/content/dataset2/rain113.jpg,Rain
/content/dataset2/rain114.jpg,Rain
/content/dataset2/rain115.jpg,Rain
/content/dataset2/rain116.jpg,Rain
/content/dataset2/rain117.jpg,Rain
/content/dataset2/rain118.jpg,Rain
/content/dataset2/rain119.jpg,Rain
/content/dataset2/rain120.jpg,Rain
/content/dataset2/rain121.jpg,Rain
/content/dataset2/rain122.jpg,Rain
/content/dataset2/rain123.jpg,Rain
/content/dataset2/rain124.jpg,Rain
/content/dataset2/rain125.jpg,Rain
/content/dataset2/rain126.jpg,Rain
/content/dataset2/rain127.jpg,Rain
/content/dataset2/rain128.jpg,Rain
/content/dataset2/rain129.jpg,Rain
/content/dataset2/rain130.jpg,Rain
/content/dataset2/rain131.jpg,Rain
/content/dataset2/rain132.jpg,Rain
/content/dataset2/rain133.jpg,Rain
/content/dataset2/rain134.jpg,Rain
/content/dataset2/rain135.jpg,Rain
/content/dataset2/rain136.jpg,Rain
/content/dataset2/rain137.jpg,Rain
/content/dataset2/rain138.jpg,Rain
/content/dataset2/rain139.jpg,Rain
/content/dataset2/rain140.jpg,Rain
/content/dataset2/rain141.jpg,Rain
/content/dataset2/rain142.jpg,Rain
/content/dataset2/rain143.jpg,Rain
/content/dataset2/rain144.jpg,Rain
/content/dataset2/rain145.jpg,Rain
/content/dataset2/rain146.jpg,Rain
/content/dataset2/rain147.jpg,Rain
/content/dataset2/rain148.jpg,Rain
/content/dataset2/rain149.jpg,Rain
/content/dataset2/rain150.jpg,Rain
/content/dataset2/rain151.jpg,Rain
/content/dataset2/rain152.jpg,Rain
/content/dataset2/rain153.jpg,Rain
/content/dataset2/rain154.jpg,Rain
/content/dataset2/rain155.jpg,Rain
/content/dataset2/rain156.jpg,Rain
/content/dataset2/rain157.jpg,Rain
/content/dataset2/rain158.jpg,Rain
/content/dataset2/rain159.jpg,Rain
/content/dataset2/rain160.jpg,Rain
/content/dataset2/rain161.jpg,Rain
/content/dataset2/rain162.jpg,Rain
/content/dataset2/rain163.jpg,Rain
/content/dataset2/rain164.jpg,Rain
/content/dataset2/rain165.jpg,Rain
/content/dataset2/rain166.jpg,Rain
/content/dataset2/rain167.jpg,Rain
/content/dataset2/rain168.jpg,Rain
/content/dataset2/rain169.jpg,Rain
/content/dataset2/rain170.jpg,Rain
/content/dataset2/rain171.jpg,Rain
/content/dataset2/rain172.jpg,Rain
/content/dataset2/rain173.jpg,Rain
/content/dataset2/rain174.jpg,Rain
/content/dataset2/rain175.jpg,Rain
/content/dataset2/rain176.jpg,Rain
/content/dataset2/rain177.jpg,Rain
/content/dataset2/rain178.jpg,Rain
/content/dataset2/rain179.jpg,Rain
/content/dataset2/rain180.jpg,Rain
/content/dataset2/rain181.jpg,Rain
/content/dataset2/rain182.jpg,Rain
/content/dataset2/rain183.jpg,Rain
/content/dataset2/rain184.jpg,Rain
/content/dataset2/rain185.jpg,Rain
/content/dataset2/rain186.jpg,Rain
/content/dataset2/rain187.jpg,Rain
/content/dataset2/rain188.jpg,Rain
/content/dataset2/rain189.jpg,Rain
/content/dataset2/rain190.jpg,Rain
/content/dataset2/rain191.jpg,Rain
/content/dataset2/rain192.jpg,Rain
/content/dataset2/rain193.jpg,Rain
/content/dataset2/rain194.jpg,Rain
/content/dataset2/rain195.jpg,Rain
/content/dataset2/rain196.jpg,Rain
/content/dataset2/rain197.jpg,Rain
/content/dataset2/rain198.jpg,Rain
/content/dataset2/rain199.jpg,Rain
/content/dataset2/rain200.jpg,Rain
/content/dataset2/rain201.jpg,Rain
/content/dataset2/rain202.jpg,Rain
/content/dataset2/rain203.jpg,Rain
/content/dataset2/rain204.jpg,Rain
/content/dataset2/rain205.jpg,Rain
/content/dataset2/rain206.jpg,Rain
/content/dataset2/rain207.jpg,Rain
/content/dataset2/rain208.jpg,Rain
/content/dataset2/rain209.jpg,Rain
/content/dataset2/rain210.jpg,Rain
/content/dataset2/rain211.jpg,Rain
/content/dataset2/rain212.jpg,Rain
/content/dataset2/rain213.jpg,Rain
/content/dataset2/rain214.jpg,Rain
/content/dataset2/rain215.jpg,Rain
/content/dataset2/shine1.jpg,Shine
/content/dataset2/shine2.jpg,Shine
/content/dataset2/shine3.jpg,Shine
/content/dataset2/shine4.jpg,Shine
/content/dataset2/shine5.jpg,Shine
/content/dataset2/shine6.jpg,Shine
/content/dataset2/shine7.jpg,Shine
/content/dataset2/shine8.jpg,Shine
/content/dataset2/shine9.jpg,Shine
/content/dataset2/shine10.jpg,Shine
/content/dataset2/shine11.jpg,Shine
/content/dataset2/shine12.jpg,Shine
/content/dataset2/shine13.jpg,Shine
/content/dataset2/shine14.jpg,Shine
/content/dataset2/shine15.jpg,Shine
/content/dataset2/shine16.jpg,Shine
/content/dataset2/shine17.jpg,Shine
/content/dataset2/shine18.jpg,Shine
/content/dataset2/shine19.jpg,Shine
/content/dataset2/shine20.jpg,Shine
/content/dataset2/shine21.jpg,Shine
/content/dataset2/shine22.jpg,Shine
/content/dataset2/shine23.jpg,Shine
/content/dataset2/shine24.jpg,Shine
/content/dataset2/shine25.jpg,Shine
/content/dataset2/shine26.jpg,Shine
/content/dataset2/shine27.jpg,Shine
/content/dataset2/shine28.jpg,Shine
/content/dataset2/shine29.jpg,Shine
/content/dataset2/shine30.jpg,Shine
/content/dataset2/shine31.jpg,Shine
/content/dataset2/shine32.jpg,Shine
/content/dataset2/shine33.jpg,Shine
/content/dataset2/shine34.jpg,Shine
/content/dataset2/shine35.jpg,Shine
/content/dataset2/shine36.jpg,Shine
/content/dataset2/shine37.jpg,Shine
/content/dataset2/shine38.jpg,Shine
/content/dataset2/shine39.jpg,Shine
/content/dataset2/shine40.jpg,Shine
/content/dataset2/shine41.jpg,Shine
/content/dataset2/shine42.jpg,Shine
/content/dataset2/shine43.jpg,Shine
/content/dataset2/shine44.jpg,Shine
/content/dataset2/shine45.jpg,Shine
/content/dataset2/shine46.jpg,Shine
/content/dataset2/shine47.jpg,Shine
/content/dataset2/shine48.jpg,Shine
/content/dataset2/shine49.jpg,Shine
/content/dataset2/shine50.jpg,Shine
/content/dataset2/shine51.jpg,Shine
/content/dataset2/shine52.jpg,Shine
/content/dataset2/shine53.jpg,Shine
/content/dataset2/shine54.jpg,Shine
/content/dataset2/shine55.jpg,Shine
/content/dataset2/shine56.jpg,Shine
/content/dataset2/shine57.jpg,Shine
/content/dataset2/shine58.jpg,Shine
/content/dataset2/shine59.jpg,Shine
/content/dataset2/shine60.jpg,Shine
/content/dataset2/shine61.jpg,Shine
/content/dataset2/shine62.jpg,Shine
/content/dataset2/shine63.jpg,Shine
/content/dataset2/shine64.jpg,Shine
/content/dataset2/shine65.jpg,Shine
/content/dataset2/shine66.jpg,Shine
/content/dataset2/shine67.jpg,Shine
/content/dataset2/shine68.jpg,Shine
/content/dataset2/shine69.jpg,Shine
/content/dataset2/shine70.jpg,Shine
/content/dataset2/shine71.jpg,Shine
/content/dataset2/shine72.jpg,Shine
/content/dataset2/shine73.jpg,Shine
/content/dataset2/shine74.jpg,Shine
/content/dataset2/shine75.jpg,Shine
/content/dataset2/shine76.jpg,Shine
/content/dataset2/shine77.jpg,Shine
/content/dataset2/shine78.jpg,Shine
/content/dataset2/shine79.jpg,Shine
/content/dataset2/shine80.jpg,Shine
/content/dataset2/shine81.jpg,Shine
/content/dataset2/shine82.jpg,Shine
/content/dataset2/shine83.jpg,Shine
/content/dataset2/shine84.jpg,Shine
/content/dataset2/shine85.jpg,Shine
/content/dataset2/shine86.jpg,Shine
/content/dataset2/shine87.jpg,Shine
/content/dataset2/shine88.jpg,Shine
/content/dataset2/shine89.jpg,Shine
/content/dataset2/shine90.jpg,Shine
/content/dataset2/shine91.jpg,Shine
/content/dataset2/shine92.jpg,Shine
/content/dataset2/shine93.jpg,Shine
/content/dataset2/shine94.jpg,Shine
/content/dataset2/shine95.jpg,Shine
/content/dataset2/shine96.jpg,Shine
/content/dataset2/shine97.jpg,Shine
/content/dataset2/shine98.jpg,Shine
/content/dataset2/shine99.jpg,Shine
/content/dataset2/shine100.jpg,Shine
/content/dataset2/shine101.jpg,Shine
/content/dataset2/shine102.jpg,Shine
/content/dataset2/shine103.jpg,Shine
/content/dataset2/shine104.jpg,Shine
/content/dataset2/shine105.jpg,Shine
/content/dataset2/shine106.jpg,Shine
/content/dataset2/shine107.jpg,Shine
/content/dataset2/shine108.jpg,Shine
/content/dataset2/shine109.jpg,Shine
/content/dataset2/shine110.jpg,Shine
/content/dataset2/shine111.jpg,Shine
/content/dataset2/shine112.jpg,Shine
/content/dataset2/shine113.jpg,Shine
/content/dataset2/shine114.jpg,Shine
/content/dataset2/shine115.jpg,Shine
/content/dataset2/shine116.jpg,Shine
/content/dataset2/shine117.jpg,Shine
/content/dataset2/shine118.jpg,Shine
/content/dataset2/shine119.jpg,Shine
/content/dataset2/shine120.jpg,Shine
/content/dataset2/shine121.jpg,Shine
/content/dataset2/shine122.jpg,Shine
/content/dataset2/shine123.jpg,Shine
/content/dataset2/shine124.jpg,Shine
/content/dataset2/shine125.jpg,Shine
/content/dataset2/shine126.jpg,Shine
/content/dataset2/shine127.jpg,Shine
/content/dataset2/shine128.jpg,Shine
/content/dataset2/shine129.jpg,Shine
/content/dataset2/shine130.jpg,Shine
/content/dataset2/shine131.jpg,Shine
/content/dataset2/shine132.jpg,Shine
/content/dataset2/shine133.jpg,Shine
/content/dataset2/shine134.jpg,Shine
/content/dataset2/shine135.jpg,Shine
/content/dataset2/shine136.jpg,Shine
/content/dataset2/shine137.jpg,Shine
/content/dataset2/shine138.jpg,Shine
/content/dataset2/shine139.jpg,Shine
/content/dataset2/shine140.jpg,Shine
/content/dataset2/shine141.jpg,Shine
/content/dataset2/shine142.jpg,Shine
/content/dataset2/shine143.jpg,Shine
/content/dataset2/shine144.jpg,Shine
/content/dataset2/shine145.jpg,Shine
/content/dataset2/shine146.jpg,Shine
/content/dataset2/shine147.jpg,Shine
/content/dataset2/shine148.jpg,Shine
/content/dataset2/shine149.jpg,Shine
/content/dataset2/shine150.jpg,Shine
/content/dataset2/shine151.jpg,Shine
/content/dataset2/shine152.jpg,Shine
/content/dataset2/shine153.jpg,Shine
/content/dataset2/shine154.jpg,Shine
/content/dataset2/shine155.jpg,Shine
/content/dataset2/shine156.jpg,Shine
/content/dataset2/shine157.jpg,Shine
/content/dataset2/shine158.jpg,Shine
/content/dataset2/shine159.jpg,Shine
/content/dataset2/shine160.jpg,Shine
/content/dataset2/shine161.jpg,Shine
/content/dataset2/shine162.jpg,Shine
/content/dataset2/shine163.jpg,Shine
/content/dataset2/shine164.jpg,Shine
/content/dataset2/shine165.jpg,Shine
/content/dataset2/shine166.jpg,Shine
/content/dataset2/shine167.jpg,Shine
/content/dataset2/shine168.jpg,Shine
/content/dataset2/shine169.jpg,Shine
/content/dataset2/shine170.jpg,Shine
/content/dataset2/shine171.jpg,Shine
/content/dataset2/shine172.jpg,Shine
/content/dataset2/shine173.jpg,Shine
/content/dataset2/shine174.jpg,Shine
/content/dataset2/shine175.jpg,Shine
/content/dataset2/shine176.jpg,Shine
/content/dataset2/shine177.jpg,Shine
/content/dataset2/shine178.jpg,Shine
/content/dataset2/shine179.jpg,Shine
/content/dataset2/shine180.jpg,Shine
/content/dataset2/shine181.jpg,Shine
/content/dataset2/shine182.jpg,Shine
/content/dataset2/shine183.jpg,Shine
/content/dataset2/shine184.jpg,Shine
/content/dataset2/shine185.jpg,Shine
/content/dataset2/shine186.jpg,Shine
/content/dataset2/shine187.jpg,Shine
/content/dataset2/shine188.jpg,Shine
/content/dataset2/shine189.jpg,Shine
/content/dataset2/shine190.jpg,Shine
/content/dataset2/shine191.jpg,Shine
/content/dataset2/shine192.jpg,Shine
/content/dataset2/shine193.jpg,Shine
/content/dataset2/shine194.jpg,Shine
/content/dataset2/shine195.jpg,Shine
/content/dataset2/shine196.jpg,Shine
/content/dataset2/shine197.jpg,Shine
/content/dataset2/shine198.jpg,Shine
/content/dataset2/shine199.jpg,Shine
/content/dataset2/shine200.jpg,Shine
/content/dataset2/shine201.jpg,Shine
/content/dataset2/shine202.jpg,Shine
/content/dataset2/shine203.jpg,Shine
/content/dataset2/shine204.jpg,Shine
/content/dataset2/shine205.jpg,Shine
/content/dataset2/shine206.jpg,Shine
/content/dataset2/shine207.jpg,Shine
/content/dataset2/shine208.jpg,Shine
/content/dataset2/shine209.jpg,Shine
/content/dataset2/shine210.jpg,Shine
/content/dataset2/shine211.jpg,Shine
/content/dataset2/shine212.jpg,Shine
/content/dataset2/shine213.jpg,Shine
/content/dataset2/shine214.jpg,Shine
/content/dataset2/shine215.jpg,Shine
/content/dataset2/shine216.jpg,Shine
/content/dataset2/shine217.jpg,Shine
/content/dataset2/shine218.jpg,Shine
/content/dataset2/shine219.jpg,Shine
/content/dataset2/shine220.jpg,Shine
/content/dataset2/shine221.jpg,Shine
/content/dataset2/shine222.jpg,Shine
/content/dataset2/shine223.jpg,Shine
/content/dataset2/shine224.jpg,Shine
/content/dataset2/shine225.jpg,Shine
/content/dataset2/shine226.jpg,Shine
/content/dataset2/shine227.jpg,Shine
/content/dataset2/shine228.jpg,Shine
/content/dataset2/shine229.jpg,Shine
/content/dataset2/shine230.jpg,Shine
/content/dataset2/shine231.jpg,Shine
/content/dataset2/shine232.jpg,Shine
/content/dataset2/shine233.jpg,Shine
/content/dataset2/shine234.jpg,Shine
/content/dataset2/shine235.jpg,Shine
/content/dataset2/shine236.jpg,Shine
/content/dataset2/shine237.jpg,Shine
/content/dataset2/shine238.jpg,Shine
/content/dataset2/shine239.jpg,Shine
/content/dataset2/shine240.jpg,Shine
/content/dataset2/shine241.jpg,Shine
/content/dataset2/shine242.jpg,Shine
/content/dataset2/shine243.jpg,Shine
/content/dataset2/shine244.jpg,Shine
/content/dataset2/shine245.jpg,Shine
/content/dataset2/shine246.jpg,Shine
/content/dataset2/shine247.jpg,Shine
/content/dataset2/shine248.jpg,Shine
/content/dataset2/shine249.jpg,Shine
/content/dataset2/shine250.jpg,Shine
/content/dataset2/shine251.jpg,Shine
/content/dataset2/shine252.jpg,Shine
/content/dataset2/shine253.jpg,Shine
/content/dataset2/sunrise1.jpg,Sunrise
/content/dataset2/sunrise2.jpg,Sunrise
/content/dataset2/sunrise3.jpg,Sunrise
/content/dataset2/sunrise4.jpg,Sunrise
/content/dataset2/sunrise5.jpg,Sunrise
/content/dataset2/sunrise6.jpg,Sunrise
/content/dataset2/sunrise7.jpg,Sunrise
/content/dataset2/sunrise8.jpg,Sunrise
/content/dataset2/sunrise9.jpg,Sunrise
/content/dataset2/sunrise10.jpg,Sunrise
/content/dataset2/sunrise11.jpg,Sunrise
/content/dataset2/sunrise12.jpg,Sunrise
/content/dataset2/sunrise13.jpg,Sunrise
/content/dataset2/sunrise14.jpg,Sunrise
/content/dataset2/sunrise15.jpg,Sunrise
/content/dataset2/sunrise16.jpg,Sunrise
/content/dataset2/sunrise17.jpg,Sunrise
/content/dataset2/sunrise18.jpg,Sunrise
/content/dataset2/sunrise19.jpg,Sunrise
/content/dataset2/sunrise20.jpg,Sunrise
/content/dataset2/sunrise21.jpg,Sunrise
/content/dataset2/sunrise22.jpg,Sunrise
/content/dataset2/sunrise23.jpg,Sunrise
/content/dataset2/sunrise24.jpg,Sunrise
/content/dataset2/sunrise25.jpg,Sunrise
/content/dataset2/sunrise26.jpg,Sunrise
/content/dataset2/sunrise27.jpg,Sunrise
/content/dataset2/sunrise28.jpg,Sunrise
/content/dataset2/sunrise29.jpg,Sunrise
/content/dataset2/sunrise30.jpg,Sunrise
/content/dataset2/sunrise31.jpg,Sunrise
/content/dataset2/sunrise32.jpg,Sunrise
/content/dataset2/sunrise33.jpg,Sunrise
/content/dataset2/sunrise34.jpg,Sunrise
/content/dataset2/sunrise35.jpg,Sunrise
/content/dataset2/sunrise36.jpg,Sunrise
/content/dataset2/sunrise37.jpg,Sunrise
/content/dataset2/sunrise38.jpg,Sunrise
/content/dataset2/sunrise39.jpg,Sunrise
/content/dataset2/sunrise40.jpg,Sunrise
/content/dataset2/sunrise41.jpg,Sunrise
/content/dataset2/sunrise42.jpg,Sunrise
/content/dataset2/sunrise43.jpg,Sunrise
/content/dataset2/sunrise44.jpg,Sunrise
/content/dataset2/sunrise45.jpg,Sunrise
/content/dataset2/sunrise46.jpg,Sunrise
/content/dataset2/sunrise47.jpg,Sunrise
/content/dataset2/sunrise48.jpg,Sunrise
/content/dataset2/sunrise49.jpg,Sunrise
/content/dataset2/sunrise50.jpg,Sunrise
/content/dataset2/sunrise51.jpg,Sunrise
/content/dataset2/sunrise52.jpg,Sunrise
/content/dataset2/sunrise53.jpg,Sunrise
/content/dataset2/sunrise54.jpg,Sunrise
/content/dataset2/sunrise55.jpg,Sunrise
/content/dataset2/sunrise56.jpg,Sunrise
/content/dataset2/sunrise57.jpg,Sunrise
/content/dataset2/sunrise58.jpg,Sunrise
/content/dataset2/sunrise59.jpg,Sunrise
/content/dataset2/sunrise60.jpg,Sunrise
/content/dataset2/sunrise61.jpg,Sunrise
/content/dataset2/sunrise62.jpg,Sunrise
/content/dataset2/sunrise63.jpg,Sunrise
/content/dataset2/sunrise64.jpg,Sunrise
/content/dataset2/sunrise65.jpg,Sunrise
/content/dataset2/sunrise66.jpg,Sunrise
/content/dataset2/sunrise67.jpg,Sunrise
/content/dataset2/sunrise68.jpg,Sunrise
/content/dataset2/sunrise69.jpg,Sunrise
/content/dataset2/sunrise70.jpg,Sunrise
/content/dataset2/sunrise71.jpg,Sunrise
/content/dataset2/sunrise72.jpg,Sunrise
/content/dataset2/sunrise73.jpg,Sunrise
/content/dataset2/sunrise74.jpg,Sunrise
/content/dataset2/sunrise75.jpg,Sunrise
/content/dataset2/sunrise76.jpg,Sunrise
/content/dataset2/sunrise77.jpg,Sunrise
/content/dataset2/sunrise78.jpg,Sunrise
/content/dataset2/sunrise79.jpg,Sunrise
/content/dataset2/sunrise80.jpg,Sunrise
/content/dataset2/sunrise81.jpg,Sunrise
/content/dataset2/sunrise82.jpg,Sunrise
/content/dataset2/sunrise83.jpg,Sunrise
/content/dataset2/sunrise84.jpg,Sunrise
/content/dataset2/sunrise85.jpg,Sunrise
/content/dataset2/sunrise86.jpg,Sunrise
/content/dataset2/sunrise87.jpg,Sunrise
/content/dataset2/sunrise88.jpg,Sunrise
/content/dataset2/sunrise89.jpeg,Sunrise
/content/dataset2/sunrise90.jpg,Sunrise
/content/dataset2/sunrise91.jpg,Sunrise
/content/dataset2/sunrise92.jpg,Sunrise
/content/dataset2/sunrise93.jpg,Sunrise
/content/dataset2/sunrise94.jpg,Sunrise
/content/dataset2/sunrise95.jpg,Sunrise
/content/dataset2/sunrise96.jpg,Sunrise
/content/dataset2/sunrise97.jpg,Sunrise
/content/dataset2/sunrise98.jpg,Sunrise
/content/dataset2/sunrise99.jpg,Sunrise
/content/dataset2/sunrise100.jpg,Sunrise
/content/dataset2/sunrise101.jpg,Sunrise
/content/dataset2/sunrise102.jpg,Sunrise
/content/dataset2/sunrise103.jpg,Sunrise
/content/dataset2/sunrise104.jpg,Sunrise
/content/dataset2/sunrise105.jpg,Sunrise
/content/dataset2/sunrise106.jpg,Sunrise
/content/dataset2/sunrise107.jpg,Sunrise
/content/dataset2/sunrise108.jpg,Sunrise
/content/dataset2/sunrise109.jpg,Sunrise
/content/dataset2/sunrise110.jpg,Sunrise
/content/dataset2/sunrise111.jpg,Sunrise
/content/dataset2/sunrise112.jpg,Sunrise
/content/dataset2/sunrise113.jpg,Sunrise
/content/dataset2/sunrise114.jpg,Sunrise
/content/dataset2/sunrise115.jpg,Sunrise
/content/dataset2/sunrise116.jpg,Sunrise
/content/dataset2/sunrise117.jpg,Sunrise
/content/dataset2/sunrise118.jpg,Sunrise
/content/dataset2/sunrise119.jpg,Sunrise
/content/dataset2/sunrise120.jpg,Sunrise
/content/dataset2/sunrise121.jpg,Sunrise
/content/dataset2/sunrise122.jpg,Sunrise
/content/dataset2/sunrise123.jpg,Sunrise
/content/dataset2/sunrise124.jpg,Sunrise
/content/dataset2/sunrise125.jpg,Sunrise
/content/dataset2/sunrise126.jpg,Sunrise
/content/dataset2/sunrise127.jpg,Sunrise
/content/dataset2/sunrise128.jpg,Sunrise
/content/dataset2/sunrise129.jpg,Sunrise
/content/dataset2/sunrise130.jpg,Sunrise
/content/dataset2/sunrise131.jpg,Sunrise
/content/dataset2/sunrise132.jpg,Sunrise
/content/dataset2/sunrise133.jpg,Sunrise
/content/dataset2/sunrise134.jpg,Sunrise
/content/dataset2/sunrise135.jpg,Sunrise
/content/dataset2/sunrise136.jpg,Sunrise
/content/dataset2/sunrise137.jpg,Sunrise
/content/dataset2/sunrise138.jpg,Sunrise
/content/dataset2/sunrise139.jpg,Sunrise
/content/dataset2/sunrise140.jpg,Sunrise
/content/dataset2/sunrise141.jpg,Sunrise
/content/dataset2/sunrise142.jpg,Sunrise
/content/dataset2/sunrise143.jpg,Sunrise
/content/dataset2/sunrise144.jpg,Sunrise
/content/dataset2/sunrise145.jpg,Sunrise
/content/dataset2/sunrise146.jpg,Sunrise
/content/dataset2/sunrise147.jpg,Sunrise
/content/dataset2/sunrise148.jpg,Sunrise
/content/dataset2/sunrise149.jpg,Sunrise
/content/dataset2/sunrise150.jpg,Sunrise
/content/dataset2/sunrise151.jpg,Sunrise
/content/dataset2/sunrise152.jpg,Sunrise
/content/dataset2/sunrise153.jpg,Sunrise
/content/dataset2/sunrise154.jpg,Sunrise
/content/dataset2/sunrise155.jpg,Sunrise
/content/dataset2/sunrise156.jpg,Sunrise
/content/dataset2/sunrise157.jpg,Sunrise
/content/dataset2/sunrise158.jpg,Sunrise
/content/dataset2/sunrise159.jpg,Sunrise
/content/dataset2/sunrise160.jpg,Sunrise
/content/dataset2/sunrise161.jpg,Sunrise
/content/dataset2/sunrise162.jpg,Sunrise
/content/dataset2/sunrise163.jpg,Sunrise
/content/dataset2/sunrise164.jpg,Sunrise
/content/dataset2/sunrise165.jpg,Sunrise
/content/dataset2/sunrise166.jpg,Sunrise
/content/dataset2/sunrise167.jpg,Sunrise
/content/dataset2/sunrise168.jpg,Sunrise
/content/dataset2/sunrise169.jpg,Sunrise
/content/dataset2/sunrise170.jpg,Sunrise
/content/dataset2/sunrise171.jpg,Sunrise
/content/dataset2/sunrise172.jpg,Sunrise
/content/dataset2/sunrise173.jpg,Sunrise
/content/dataset2/sunrise174.jpg,Sunrise
/content/dataset2/sunrise175.jpg,Sunrise
/content/dataset2/sunrise176.jpg,Sunrise
/content/dataset2/sunrise177.jpg,Sunrise
/content/dataset2/sunrise178.jpg,Sunrise
/content/dataset2/sunrise179.jpg,Sunrise
/content/dataset2/sunrise180.jpg,Sunrise
/content/dataset2/sunrise181.jpg,Sunrise
/content/dataset2/sunrise182.jpg,Sunrise
/content/dataset2/sunrise183.jpg,Sunrise
/content/dataset2/sunrise184.jpg,Sunrise
/content/dataset2/sunrise185.jpg,Sunrise
/content/dataset2/sunrise186.jpg,Sunrise
/content/dataset2/sunrise187.jpg,Sunrise
/content/dataset2/sunrise188.jpg,Sunrise
/content/dataset2/sunrise189.jpg,Sunrise
/content/dataset2/sunrise190.jpg,Sunrise
/content/dataset2/sunrise191.jpg,Sunrise
/content/dataset2/sunrise192.jpg,Sunrise
/content/dataset2/sunrise193.jpg,Sunrise
/content/dataset2/sunrise194.jpg,Sunrise
/content/dataset2/sunrise195.jpg,Sunrise
/content/dataset2/sunrise196.jpg,Sunrise
/content/dataset2/sunrise197.jpg,Sunrise
/content/dataset2/sunrise198.jpg,Sunrise
/content/dataset2/sunrise199.jpg,Sunrise
/content/dataset2/sunrise200.jpg,Sunrise
/content/dataset2/sunrise201.jpg,Sunrise
/content/dataset2/sunrise202.jpg,Sunrise
/content/dataset2/sunrise203.jpg,Sunrise
/content/dataset2/sunrise204.jpg,Sunrise
/content/dataset2/sunrise205.jpg,Sunrise
/content/dataset2/sunrise206.jpg,Sunrise
/content/dataset2/sunrise207.jpg,Sunrise
/content/dataset2/sunrise208.jpg,Sunrise
/content/dataset2/sunrise209.jpg,Sunrise
/content/dataset2/sunrise210.jpg,Sunrise
/content/dataset2/sunrise211.jpg,Sunrise
/content/dataset2/sunrise212.jpg,Sunrise
/content/dataset2/sunrise213.jpg,Sunrise
/content/dataset2/sunrise214.jpg,Sunrise
/content/dataset2/sunrise215.jpg,Sunrise
/content/dataset2/sunrise216.jpg,Sunrise
/content/dataset2/sunrise217.jpg,Sunrise
/content/dataset2/sunrise218.jpg,Sunrise
/content/dataset2/sunrise219.jpg,Sunrise
/content/dataset2/sunrise220.jpg,Sunrise
/content/dataset2/sunrise221.jpg,Sunrise
/content/dataset2/sunrise222.jpg,Sunrise
/content/dataset2/sunrise223.jpg,Sunrise
/content/dataset2/sunrise224.jpg,Sunrise
/content/dataset2/sunrise225.jpg,Sunrise
/content/dataset2/sunrise226.jpg,Sunrise
/content/dataset2/sunrise227.jpg,Sunrise
/content/dataset2/sunrise228.jpg,Sunrise
/content/dataset2/sunrise229.jpg,Sunrise
/content/dataset2/sunrise230.jpg,Sunrise
/content/dataset2/sunrise231.jpg,Sunrise
/content/dataset2/sunrise232.jpg,Sunrise
/content/dataset2/sunrise233.jpg,Sunrise
/content/dataset2/sunrise234.jpg,Sunrise
/content/dataset2/sunrise235.jpg,Sunrise
/content/dataset2/sunrise236.jpg,Sunrise
/content/dataset2/sunrise237.jpg,Sunrise
/content/dataset2/sunrise238.jpg,Sunrise
/content/dataset2/sunrise239.jpg,Sunrise
/content/dataset2/sunrise240.jpg,Sunrise
/content/dataset2/sunrise241.jpg,Sunrise
/content/dataset2/sunrise242.jpg,Sunrise
/content/dataset2/sunrise243.jpg,Sunrise
/content/dataset2/sunrise244.jpg,Sunrise
/content/dataset2/sunrise245.jpg,Sunrise
/content/dataset2/sunrise246.jpg,Sunrise
/content/dataset2/sunrise247.jpg,Sunrise
/content/dataset2/sunrise248.jpg,Sunrise
/content/dataset2/sunrise249.jpg,Sunrise
/content/dataset2/sunrise250.jpg,Sunrise
/content/dataset2/sunrise251.jpg,Sunrise
/content/dataset2/sunrise252.jpg,Sunrise
/content/dataset2/sunrise253.jpg,Sunrise
/content/dataset2/sunrise254.jpg,Sunrise
/content/dataset2/sunrise255.jpg,Sunrise
/content/dataset2/sunrise256.jpg,Sunrise
/content/dataset2/sunrise257.jpg,Sunrise
/content/dataset2/sunrise258.jpg,Sunrise
/content/dataset2/sunrise259.jpg,Sunrise
/content/dataset2/sunrise260.jpg,Sunrise
/content/dataset2/sunrise261.jpg,Sunrise
/content/dataset2/sunrise262.jpg,Sunrise
/content/dataset2/sunrise263.jpg,Sunrise
/content/dataset2/sunrise264.jpg,Sunrise
/content/dataset2/sunrise265.jpg,Sunrise
/content/dataset2/sunrise266.jpg,Sunrise
/content/dataset2/sunrise267.jpg,Sunrise
/content/dataset2/sunrise268.jpg,Sunrise
/content/dataset2/sunrise269.jpg,Sunrise
/content/dataset2/sunrise270.jpg,Sunrise
/content/dataset2/sunrise271.jpg,Sunrise
/content/dataset2/sunrise272.jpg,Sunrise
/content/dataset2/sunrise273.jpg,Sunrise
/content/dataset2/sunrise274.jpg,Sunrise
/content/dataset2/sunrise275.jpg,Sunrise
/content/dataset2/sunrise276.jpg,Sunrise
/content/dataset2/sunrise277.jpg,Sunrise
/content/dataset2/sunrise278.jpg,Sunrise
/content/dataset2/sunrise279.jpg,Sunrise
/content/dataset2/sunrise280.jpg,Sunrise
/content/dataset2/sunrise281.jpg,Sunrise
/content/dataset2/sunrise282.jpg,Sunrise
/content/dataset2/sunrise283.jpg,Sunrise
/content/dataset2/sunrise284.jpg,Sunrise
/content/dataset2/sunrise285.jpg,Sunrise
/content/dataset2/sunrise286.jpg,Sunrise
/content/dataset2/sunrise287.jpg,Sunrise
/content/dataset2/sunrise288.jpg,Sunrise
/content/dataset2/sunrise289.jpg,Sunrise
/content/dataset2/sunrise290.jpg,Sunrise
/content/dataset2/sunrise291.jpg,Sunrise
/content/dataset2/sunrise292.jpg,Sunrise
/content/dataset2/sunrise293.jpg,Sunrise
/content/dataset2/sunrise294.jpg,Sunrise
/content/dataset2/sunrise295.jpg,Sunrise
/content/dataset2/sunrise296.jpg,Sunrise
/content/dataset2/sunrise297.jpg,Sunrise
/content/dataset2/sunrise298.jpg,Sunrise
/content/dataset2/sunrise299.jpg,Sunrise
/content/dataset2/sunrise300.jpg,Sunrise
/content/dataset2/sunrise301.jpg,Sunrise
/content/dataset2/sunrise302.jpg,Sunrise
/content/dataset2/sunrise303.jpg,Sunrise
/content/dataset2/sunrise304.jpg,Sunrise
/content/dataset2/sunrise305.jpg,Sunrise
/content/dataset2/sunrise306.jpg,Sunrise
/content/dataset2/sunrise307.jpg,Sunrise
/content/dataset2/sunrise308.jpg,Sunrise
/content/dataset2/sunrise309.jpg,Sunrise
/content/dataset2/sunrise310.jpg,Sunrise
/content/dataset2/sunrise311.jpg,Sunrise
/content/dataset2/sunrise312.jpg,Sunrise
/content/dataset2/sunrise313.jpg,Sunrise
/content/dataset2/sunrise314.jpg,Sunrise
/content/dataset2/sunrise315.jpg,Sunrise
/content/dataset2/sunrise316.jpg,Sunrise
/content/dataset2/sunrise317.jpg,Sunrise
/content/dataset2/sunrise318.jpg,Sunrise
/content/dataset2/sunrise319.jpg,Sunrise
/content/dataset2/sunrise320.jpg,Sunrise
/content/dataset2/sunrise321.jpg,Sunrise
/content/dataset2/sunrise322.jpg,Sunrise
/content/dataset2/sunrise323.jpg,Sunrise
/content/dataset2/sunrise324.jpg,Sunrise
/content/dataset2/sunrise325.jpg,Sunrise
/content/dataset2/sunrise326.jpg,Sunrise
/content/dataset2/sunrise327.jpg,Sunrise
/content/dataset2/sunrise328.jpg,Sunrise
/content/dataset2/sunrise329.jpg,Sunrise
/content/dataset2/sunrise330.jpg,Sunrise
/content/dataset2/sunrise331.jpg,Sunrise
/content/dataset2/sunrise332.jpg,Sunrise
/content/dataset2/sunrise333.jpg,Sunrise
/content/dataset2/sunrise334.jpg,Sunrise
/content/dataset2/sunrise335.jpg,Sunrise
/content/dataset2/sunrise336.jpg,Sunrise
/content/dataset2/sunrise337.jpg,Sunrise
/content/dataset2/sunrise338.jpg,Sunrise
/content/dataset2/sunrise339.jpg,Sunrise
/content/dataset2/sunrise340.jpg,Sunrise
/content/dataset2/sunrise341.jpg,Sunrise
/content/dataset2/sunrise342.jpg,Sunrise
/content/dataset2/sunrise343.jpg,Sunrise
/content/dataset2/sunrise344.jpg,Sunrise
/content/dataset2/sunrise345.jpg,Sunrise
/content/dataset2/sunrise346.jpg,Sunrise
/content/dataset2/sunrise347.jpg,Sunrise
/content/dataset2/sunrise348.jpg,Sunrise
/content/dataset2/sunrise349.jpg,Sunrise
/content/dataset2/sunrise350.jpg,Sunrise
/content/dataset2/sunrise351.jpg,Sunrise
/content/dataset2/sunrise352.jpg,Sunrise
/content/dataset2/sunrise353.jpg,Sunrise
/content/dataset2/sunrise354.jpg,Sunrise
/content/dataset2/sunrise355.jpg,Sunrise
/content/dataset2/sunrise356.jpg,Sunrise
/content/dataset2/sunrise357.jpg,Sunrise